url,datetime,label
https://cryptonews.com/news/mit-research-scientist-says-satoshi-nakamoto-should-win-nobel-peace-prize.htm,2022-10-14,1
https://cryptonews.com/news/bitcoin-price-prediction-as-btc-jumps-75-reversing-losses-more-gains-come.htm,2022-10-14,1
https://cryptonews.com/news/spanish-exchange-bit2me-launches-api-for-crypto-keen-banks.htm,2022-10-14,1
https://cryptonews.com/news/bitcoin-price-and-ethereum-why-could-btc-go-after-20500.htm,2022-10-14,1
https://cryptonews.com/news/south-koreas-biggest-crypto-exchanges-pen-crypto-crime-fighting-deal-with-police.htm,2022-10-14,1
https://cryptonews.com/news/bitcoin-price-prediction-btc-about-surge-20.htm,2022-10-15,1
https://cryptonews.com/news/bitcoin-price-ethereum-hold-crucial-support-huobi-gains-75-week.htm,2022-10-15,1
https://cryptonews.com/news/bitcoin-price-forecast-bitcoin-bottomed-out.htm,2022-10-17,0
https://cryptonews.com/news/bitcoin-price-prediction-is-btc-about-to-breakout-above-20000.htm,2022-10-17,0
https://cryptonews.com/news/south-korean-prosecutors-say-they-wan-to-but-new-crypto-tracking-tools.htm,2022-10-17,0
https://cryptonews.com/news/new-york-man-faces-25-years-prison-for-bitcoin-money-laundering-narcotics-scheme.htm,2022-10-17,0
https://cryptonews.com/news/japanese-crypto-exchanges-targeted-by-north-korean-hackers.htm,2022-10-17,0
https://cryptonews.com/news/shark-tank-superstar-believes-crypto-bull-market-will-start-after-one-event.htm,2022-10-17,0
https://cryptonews.com/news/bitcoin-price-ethereum-prediction-imf-promotes-cbdc.htm,2022-10-17,0
https://cryptonews.com/news/crypto-traders-hit-by-chat-app-outage-upbit-investors-fume-as-they-are-frozen-out.htm,2022-10-17,0
https://cryptonews.com/news/former-morgan-stanley-executive-says-crypto-will-change-financial-system-future-of-money.htm,2022-10-18,0
https://cryptonews.com/news/s-korean-natl-broadcaster-exec-received-crypto-from-head-of-pyongyang-linked-body.htm,2022-10-18,0
https://cryptonews.com/news/bitcoin-price-prediction-can-btc-reach-100000-by-2023.htm,2022-10-18,0
https://cryptonews.com/news/bitcoin-price-ethereum-prediction-can-btc-target-20000-next.htm,2022-10-18,0
https://cryptonews.com/news/angry-crypto-exchange-customers-will-get-compensation-if-they-can-prove-one-thing.htm,2022-10-18,0
https://cryptonews.com/news/south-korean-police-seized-13m-crypto-2022-critics-say-its-not-enough.htm,2022-10-19,1
https://cryptonews.com/news/bitcoin-price-top-indicator-could-actually-good-bottom-indicator-too.htm,2022-10-19,1
https://cryptonews.com/news/bitcoin-added-guinness-world-records-book-find-out-more.htm,2022-10-19,1
https://cryptonews.com/news/bitcoin-price-prediction-2022-when-will-btc-pump-1-million.htm,2022-10-19,1
https://cryptonews.com/news/bitcoin-price-ethereum-prediction-casper-pumps-over-27.htm,2022-10-19,1
https://cryptonews.com/news/twitter-founder-jack-dorsey-reveals-roadmap-for-new-decentralized-social-protocol.htm,2022-10-19,1
https://cryptonews.com/news/eu-commissioner-urges-us-lawmakers-establish-new-crypto-rules.htm,2022-10-19,1
https://cryptonews.com/news/bitcoin-price-ethereum-prediction-can-btc-fall-below-19300.htm,2022-10-20,1
https://cryptonews.com/news/bitcoin-price-prediction-2022-btc-preparing-for-30-move.htm,2022-10-20,1
https://cryptonews.com/news/crypto-expert-believes-one-catalyst-can-trigger-new-bull-market-market-rebound-incoming.htm,2022-10-20,1
https://cryptonews.com/news/bitcoin-whales-are-accumulating-bitcoin-at-current-prices-what-information-do-they-have.htm,2022-10-20,1
https://cryptonews.com/news/latest-earnings-report-elon-musks-tesla-holding-over-200-million-of-bitcoin.htm,2022-10-20,1
https://cryptonews.com/news/over-70-of-surveyed-el-salvador-citizens-say-the-countrys-bitcoin-strategy-has-failed.htm,2022-10-20,1
https://cryptonews.com/news/russian-regulator-crypto-sanctions-are-form-of-digital-fascism.htm,2022-10-21,1
https://cryptonews.com/news/nft-buyer-mints-metagoblin-nft-unlocking-50000-bitcoin-surprise-reward-theres-more-uncover-nft-collection.htm,2022-10-21,1
https://cryptonews.com/news/vietnam-ranks-1st-in-crypto-adoption-usa-is-5th-china-back-in-top-10-chainalysis.htm,2022-10-21,1
https://cryptonews.com/news/brazils-eighth-largest-city-oks-plan-to-let-residents-to-pay-taxes-in-crypto.htm,2022-10-21,1
https://cryptonews.com/news/bitcoin-price-ethereum-prediction-btc-could-pump-15-if-holds-above-level.htm,2022-10-21,1
https://cryptonews.com/news/bitcoin-price-prediction-btc-consolidates-at-19000-preparing-for-lift-off.htm,2022-10-21,1
https://cryptonews.com/news/craig-wright-defeated-lawsuit-against-hodlonaut.htm,2022-10-21,1
https://cryptonews.com/news/bitcoin-price-ethereum-trade-sideways-casper-price-storms-27.htm,2022-10-22,0
https://cryptonews.com/news/bitcoin-price-prediction-can-btc-surge-20-today.htm,2022-10-22,0
https://cryptonews.com/news/bitcoin-price-reclaims-monthly-open-cryptokaleo-predicts-uptober-is-back-on.htm,2022-10-23,0
https://cryptonews.com/news/bitcoin-price-ethereum-prediction-btc-could-target-20000-if-breaks-above-level.htm,2022-10-23,0
https://cryptonews.com/news/reporters-dig-deeper-into-crypto-exchange-bithumbs-mysterious-ownership-story.htm,2022-10-24,1
https://cryptonews.com/news/bitcoin-price-ethereum-prediction-btc-breakout-triangle-pattern-preparing-for-lift-off.htm,2022-10-24,1
https://cryptonews.com/news/crypto-fraudsters-preying-japanese-social-media-chat-app-users.htm,2022-10-24,1
https://cryptonews.com/news/ftx-exchange-users-lose-millions-exploit-heres-what-you-need-know.htm,2022-10-24,1
https://cryptonews.com/news/crypto-news-summary-bitcoin-mining-difficulty-rebreaks-record-nft-can-be-property-in-singapore-ed-sheerans-hacker-imprisoned.htm,2022-10-24,1
https://cryptonews.com/news/kpmg-aspen-digital-study-reveals-wealthy-asian-investors-are-keen-on-crypto.htm,2022-10-25,0
https://cryptonews.com/news/traders-bitcoin-price-predictions-as-btc-breaks-out-over-20000.htm,2022-10-25,0
https://cryptonews.com/news/two-chinese-intelligence-officers-charged-with-bribing-fbi-agent-with-bitcoin.htm,2022-10-25,0
https://cryptonews.com/news/s-korean-mps-rage-after-terra-co-founder-and-bithumb-shareholders-snub-hearing.htm,2022-10-25,0
https://cryptonews.com/news/160-million-rug-pull-crypto-staking-platform-freeway-halts-withdrawals-citing-unprecedented-volatility.htm,2022-10-25,0
https://cryptonews.com/news/bitcoin-price-prediction-btc-about-surge-100-month.htm,2022-10-25,0
https://cryptonews.com/news/sec-crackdown-crypto-makes-industry-move-attractive-investors-according-new-report.htm,2022-10-26,0
https://cryptonews.com/news/monetary-authority-of-singapore-may-introduce-risk-test-before-permitting-cryptocurrency-trading.htm,2022-10-26,0
https://cryptonews.com/news/argentinian-customs-officials-seize-342-crypto-mining-rigs.htm,2022-10-26,0
https://cryptonews.com/news/bitcoin-price-ethereum-prediction-break-above-level-could-lead-btc-23000-today.htm,2022-10-26,0
https://cryptonews.com/news/bitcoin-price-prediction-as-btc-blasts-past-20000-time-buy.htm,2022-10-26,0
https://cryptonews.com/news/crypto-news-summary-bitoasis-partners-with-mastercard-gateio-signs-mou-with-busan-seba-launches-custody-platform-for-nft-storage.htm,2022-10-26,0
https://cryptonews.com/news/cryptocom-gateio-ink-deal-help-s-korean-city-build-digital-asets-exchange.htm,2022-10-26,0
https://cryptonews.com/news/bitcoin-price-prediction-as-btc-pumps-past-20500-where-it-going-next.htm,2022-10-27,0
https://cryptonews.com/news/google-hints-crypto-bear-market-negatively-affecting-ad-revenue.htm,2022-10-27,0
https://cryptonews.com/news/bitcoin-price-ethereum-prediction-break-above-level-could-propel-uptrend-22500.htm,2022-10-27,0
https://cryptonews.com/news/s-korean-govt-worker-embezzled-public-funds-escaped-with-28m-of-crypto.htm,2022-10-27,0
https://cryptonews.com/news/bitcoin-price-prediction-as-btc-prepares-for-30-move-up.htm,2022-10-28,0
https://cryptonews.com/news/venezuelas-most-expensive-house-put-up-for-sale-at-20m-owner-will-accept-crypto.htm,2022-10-28,0
https://cryptonews.com/news/cftc-commissioner-compares-crypto-market-crash-2008-global-financial-crisis-more-regulation-coming.htm,2022-10-28,0
https://cryptonews.com/news/bitcoin-price-ethereum-prediction-btc-can-pump-10-above-level-today.htm,2022-10-28,0
https://cryptonews.com/news/leading-public-bitcoin-miner-core-scientific-file-for-bankruptcy.htm,2022-10-28,0
https://cryptonews.com/news/south-korean-public-official-used-bribes-buy-crypto-police-claim.htm,2022-10-28,0
https://cryptonews.com/news/bitcoin-price-ethereum-prediction-breakout-level-could-pump-btc-by-10-today.htm,2022-10-29,0
https://cryptonews.com/news/bitcoin-price-ethereum-prediction-btc-braces-for-10-pump-23000.htm,2022-10-30,0
https://cryptonews.com/news/bitcoin-price-prediction-can-btc-pump-again.htm,2022-10-31,0
https://cryptonews.com/news/crypto-prices-could-pump-week-as-federal-reserve-interest-rate-decision-approaches.htm,2022-10-31,0
https://cryptonews.com/news/s-korean-prosecutors-arrest-exec-suspected-of-destroying-evidence-at-bithumb-affiliate.htm,2022-10-31,0
https://cryptonews.com/news/mps-set-to-vote-on-mining-bill-that-would-let-russians-pay-cross-border-with-crypto.htm,2022-10-31,0
https://cryptonews.com/news/bitcoin-price-prediction-how-high-can-btc-go-as-it-pumps-past-20000.htm,2022-11-01,0
https://cryptonews.com/news/s-korean-police-shut-down-472000-group-chat-based-crypto-fraudsters.htm,2022-11-01,0
https://cryptonews.com/news/bitcoin-price-ethereum-prediction-btc-hit-21000-before-fomc-fed-rate.htm,2022-11-01,0
https://cryptonews.com/news/crypto-news-summary-visa-masters-of-movement-fifa-nft-auction-el-salvador-development-bank-wont-provide-btc-purchase-info-coinbase-supports-ripple-against-sec.htm,2022-11-01,0
https://cryptonews.com/news/microstrategy-third-quarter-earnings-report-falls-short-of-expectations-heres-what-you-need-to-know.htm,2022-11-02,1
https://cryptonews.com/news/alleged-japanese-scam-operators-paid-up-3000-investors-worthless-cryptoasset.htm,2022-11-02,1
https://cryptonews.com/news/bitcoin-price-prediction-as-federal-reserve-interest-rate-decision-announced.htm,2022-11-02,1
https://cryptonews.com/news/bitcoin-price-ethereum-prediction-big-day-eyes-us-fomc-fed-rate-decision.htm,2022-11-02,1
https://cryptonews.com/news/crypto-news-summary-dbs-adopts-defi-protocols-for-fx-government-securities-transactions-union-bank-of-philippines-to-launch-btc-eth-custody-trading.htm,2022-11-02,1
https://cryptonews.com/news/billionaire-mike-novogratz-may-cut-20-of-workforce-at-galaxy-digital-signs-of-bear-market.htm,2022-11-02,1
https://cryptonews.com/news/union-bank-of-philippines-launches-crypto-trading-services-which-coins-are-included.htm,2022-11-03,1
https://cryptonews.com/news/bitcoin-price-ethereum-prediction-heres-why-us-nfp-could-boost-btc-by-10-today.htm,2022-11-04,0
https://cryptonews.com/news/argentina-tax-officers-find-20m-worth-of-crypto-mining-hardware-livestock-farm.htm,2022-11-04,0
https://cryptonews.com/news/crypto-prices-bullish-once-more-whats-fueling-the-recovery.htm,2022-11-04,0
https://cryptonews.com/news/dollar-milkshake-theory-how-it-can-affect-crypto-profits.htm,2022-11-04,0
https://cryptonews.com/news/bitcoin-price-prediction-can-btc-stay-above-20600-into-weekend.htm,2022-11-04,0
https://cryptonews.com/news/paypal-q3-revenues-beat-estimates-what-it-means-for-crypto.htm,2022-11-04,0
https://cryptonews.com/news/bitcoin-price-prediction-btc-spikes-4-new-bull-market-starting.htm,2022-11-05,0
https://cryptonews.com/news/bitcoin-price-ethereum-prediction-triangle-breakout-set-drive-10-btc-pump.htm,2022-11-05,0
https://cryptonews.com/news/bitcoin-price-ethereum-might-recover-chz-ape-rallies.htm,2022-11-06,0
https://cryptonews.com/news/bitcoin-price-prediction-as-btc-shoots-past-21000-20-rally-incoming.htm,2022-11-06,0
https://cryptonews.com/news/crypto-adoption-number-of-bitcoin-atms-canada-jumps-28-one-year.htm,2022-11-07,0
https://cryptonews.com/news/billionaire-tim-draper-bitcoin-to-250000-by-mid-2023.htm,2022-11-07,0
https://cryptonews.com/news/bitcoin-price-ethereum-hold-crucial-support-arweave-gains-over-35-week.htm,2022-11-07,0
https://cryptonews.com/news/bitcoin-price-prediction-as-btc-sees-300-billion-trading-volume-come-pump-imminent.htm,2022-11-07,0
https://cryptonews.com/news/bitcoin-price-prediction-as-btc-bebounds-above-20000-binance-buying-ftx.htm,2022-11-08,1
https://cryptonews.com/news/new-report-russian-central-bank-looks-integrate-digital-assets-into-its-financial-system.htm,2022-11-08,1
https://cryptonews.com/news/mastercard-ceo-long-way-go-before-crypto-becomes-mainstream.htm,2022-11-08,1
https://cryptonews.com/news/bitcoin-price-and-ethereum-prediction-ftx-down-35-amid-insolvency-rumors.htm,2022-11-08,1
https://cryptonews.com/news/hong-kong-regulator-set-allow-retail-investors-access-btc-ether-etfs.htm,2022-11-08,1
https://cryptonews.com/news/us-government-owns-more-than-1-of-total-bitcoin-supply-will-they-dump-it.htm,2022-11-09,1
https://cryptonews.com/news/south-korean-academic-we-must-block-north-from-hacking-crypto.htm,2022-11-09,1
https://cryptonews.com/news/bitcoin-price-ethereum-hold-crucial-support-ftx-token-sheds-84.htm,2022-11-09,1
https://cryptonews.com/news/bitcoin-price-prediction-btc-falls-through-18000-heres-where-its-headed-next.htm,2022-11-09,1
https://cryptonews.com/news/bitcoin-price-ethereum-prediction-binance-backs-out-of-ftx-rescue.htm,2022-11-10,1
https://cryptonews.com/news/crypto-prices-bounce-as-ftx-searchers-for-rescuers-tether-peg-slips-contagion-fears-mount.htm,2022-11-10,1
https://cryptonews.com/news/bitcoin-price-prediction-btc-crashes-below-16500-can-us-inflation-data-push-it-10000.htm,2022-11-10,1
https://cryptonews.com/news/russian-central-bank-still-saying-no-use-of-crypto-settlements.htm,2022-11-10,1
https://cryptonews.com/news/oil-giant-shell-makes-move-into-bitcoin-mining-industry-heres-what-you-need-know.htm,2022-11-11,1
https://cryptonews.com/news/bitcoin-price-prediction-as-btc-shoots-up-4-how-much-higher-can-it-go.htm,2022-11-11,1
https://cryptonews.com/news/bitcoin-price-ethereum-rebound-ftx-pumps-40.htm,2022-11-11,1
https://cryptonews.com/news/new-regulations-wont-choke-brazils-crypto-progress-says-regulator.htm,2022-11-11,1
https://cryptonews.com/news/japanese-tradfi-giant-nomuras-crypto-arm-launch-coin-trading-platform.htm,2022-11-11,1
https://cryptonews.com/news/news-summary-bitfinex-nansen-proof-of-reserves-btc-volatility-hits-yearly-low-in-october-sec-gets-support-against-ripple.htm,2022-11-11,1
https://cryptonews.com/news/binance-provides-proof-of-reserves-response-ftx-collapse-how-much-money-they.htm,2022-11-11,1
https://cryptonews.com/news/rich-dad-poor-dad-author-robert-kiyosaki-says-btc-will-bottom-at-price-not-worried-about-crash.htm,2022-11-12,1
https://cryptonews.com/news/bitcoin-price-ethereum-prediction-ftt-drops-90-over-ftx-bankruptcy.htm,2022-11-13,1
https://cryptonews.com/news/bitcoin-price-prediction-as-20-billion-trading-volume-comes-where-btc-bottom.htm,2022-11-14,1
https://cryptonews.com/news/south-korean-stablecoin-fraudster-aged-60-jailed-for-six-years.htm,2022-11-14,1
https://cryptonews.com/news/japanese-government-well-take-all-possible-measures-help-ftx-japan-customers.htm,2022-11-14,1
https://cryptonews.com/news/billionaire-michael-saylor-says-bitcoin-will-come-out-top-following-ftx-collapse.htm,2022-11-14,1
https://cryptonews.com/news/bitcoin-price-prediction-as-btc-spikes-into-green-time-buy.htm,2022-11-15,1
https://cryptonews.com/news/could-south-korean-crypto-exchanges-safe-from-bankruptcy-risks.htm,2022-11-15,1
https://cryptonews.com/news/bitcoin-price-ethereum-hold-strong-cronos-pumps-25.htm,2022-11-15,1
https://cryptonews.com/news/bitcoin-bull-michael-saylor-says-ftx-crash-can-benefit-btc-heres-what-he-said.htm,2022-11-15,1
https://cryptonews.com/news/will-edward-snowdens-new-bitcoin-price-prediction-be-accurate-again.htm,2022-11-15,1
https://cryptonews.com/news/el-salvadors-bukele-says-ftx-the-opposite-of-bitcoin.htm,2022-11-15,1
https://cryptonews.com/news/bitcoin-price-prediction-as-ukraine-conflict-escalation-fears-send-prices-lower-time-buy-dip.htm,2022-11-16,0
https://cryptonews.com/news/pantera-capital-believes-bitcoin-will-hit-150000-soon-heres-how-when.htm,2022-11-16,0
https://cryptonews.com/news/south-korean-police-probe-crypto-mining-outfit-ponzi-scam-suspicions.htm,2022-11-16,0
https://cryptonews.com/news/bitcoin-price-ethereum-unchanged-chiliz-rockets-16.htm,2022-11-16,0
https://cryptonews.com/news/bitcoin-price-prediction-as-crypto-prices-stabilize-20000-btc-cards.htm,2022-11-17,1
https://cryptonews.com/news/bitcoin-price-and-ethereum-prediction-risk-off-triggers-as-genesis-trading-halts-withdrawals.htm,2022-11-17,1
https://cryptonews.com/news/south-korean-crypto-exchange-gopax-services-hit-by-genesis.htm,2022-11-17,1
https://cryptonews.com/news/1-5-south-koreans-still-investing-crypto-which-coins-are-they-trading.htm,2022-11-18,1
https://cryptonews.com/news/bitcoin-price-and-ethereum-prediction-trust-wallet-token-pumps-85.htm,2022-11-18,1
https://cryptonews.com/news/rich-dad-poor-dad-robert-kiyosaki-calls-ftx-founder-bernie-madoff-of-crypto-says-bitcoin-not-problem.htm,2022-11-18,1
https://cryptonews.com/news/russia-could-legalize-crypto-mining-by-jan-1-2023-as-long-as-happens.htm,2022-11-18,1
https://cryptonews.com/news/bitcoin-price-prediction-as-crypto-prices-bounce-from-bottom-20000-soon.htm,2022-11-18,1
https://cryptonews.com/news/bitcoin-price-prediction-as-btc-sees-16-billion-trading-volume-come.htm,2022-11-19,1
https://cryptonews.com/news/bitcoin-price-prediction-as-btc-jumps-6-from-recent-lows-big-move-incoming.htm,2022-11-20,1
https://cryptonews.com/news/goldbug-and-crypto-sceptic-peter-schiff-says-bitcoin-will-fall-to-this-level-more-selling-to-come.htm,2022-11-21,1
https://cryptonews.com/news/kraken-crypto-exchange-founder-jesse-powell-says-one-thing-can-trigger-next-bull-market.htm,2022-11-21,1
https://cryptonews.com/news/bitcoin-price-ethereum-prediction-nem-pumps-30.htm,2022-11-21,1
https://cryptonews.com/news/argentinian-officials-swoop-illegal-btc-mining-farm-luxury-apartments.htm,2022-11-21,1
https://cryptonews.com/news/bitcoin-price-prediction-as-btc-falls-16000-support-time-buy-dip.htm,2022-11-21,1
https://cryptonews.com/news/binance-now-holds-nearly-600000-bitcoin-worth-96-billion-largest-btc-holder-world.htm,2022-11-21,1
https://cryptonews.com/news/bitcoin-price-prediction-as-crypto-prices-crash-heres-where-btc-headed-next.htm,2022-11-22,1
https://cryptonews.com/news/bitcoin-price-ethereum-hold-crucial-support-huobi-token-gains-10.htm,2022-11-22,1
https://cryptonews.com/news/us-senators-ask-45-trillion-investment-firm-fidelity-to-reconsider-exposure-to-bitcoin-in-wake-of-ftx-implosion.htm,2022-11-22,1
https://cryptonews.com/news/s-korean-regulators-draft-new-crypto-laws-prevent-more-ftx-terra-incidents.htm,2022-11-22,1
https://cryptonews.com/news/bitcoin-price-prediction-as-fomc-minutes-blast-btc-into-bullish-territory.htm,2022-11-23,1
https://cryptonews.com/news/bitcoin-price-ethereum-rise-el-salvador-issue-bitcoin-volcano-bonds.htm,2022-11-23,1
https://cryptonews.com/news/today-in-crypto-australia-sues-block-earner-hacker-steals-42m-from-fenbushi-founding-partner-dbs-completes-repurchase-transaction-on-a-blockchain-based-network.htm,2022-11-23,1
https://cryptonews.com/news/bitcoin-miner-firm-core-scientific-posts-400-million-quarterly-loss-bankruptcy-soon.htm,2022-11-23,1
https://cryptonews.com/news/coinbase-ceo-reveals-company-holds-over-39-billion-worth-of-btc-in-response-to-now-deleted-binance-ceo-tweet.htm,2022-11-23,1
https://cryptonews.com/news/cathie-woods-of-ark-invest-predicts-bitcoin-will-reach-1-million-by-2030-heres-why.htm,2022-11-23,1
https://cryptonews.com/news/bitcoin-price-prediction-as-btc-climbs-back-up-16500-prepares-for-big-move-heres-where-its-headed-next.htm,2022-11-24,1
https://cryptonews.com/news/this-exchange-enables-users-to-self-audit-the-firms-crypto-reserves-this-is-how-it-works.htm,2022-11-24,1
https://cryptonews.com/news/bitcoin-price-ethereum-rebound-litecoin-pumps-30.htm,2022-11-24,1
https://cryptonews.com/news/russian-lawmakers-want-to-create-a-state-run-crypto-exchange.htm,2022-11-24,1
https://cryptonews.com/news/bitcoin-price-ethereum-gain-support-at-382-fibonacci-level-litecoin-jumps-23.htm,2022-11-25,1
https://cryptonews.com/news/bitcoin-price-prediction-as-btc-holds-strongly-above-16000-time-buy.htm,2022-11-25,1
https://cryptonews.com/news/south-korean-man-who-bought-drugs-with-bitcoin-given-jail-sentence.htm,2022-11-25,1
https://cryptonews.com/news/harvard-research-paper-urges-governments-central-banks-add-bitcoin-reserves-hedge-sanction-risk.htm,2022-11-25,1
https://cryptonews.com/news/bitcoin-price-prediction-can-btc-rally-20000-week.htm,2022-11-26,1
https://cryptonews.com/news/crypto-analyst-tommy-lee-changes-his-2022-bitcoin-prediction-what-he-thinks-now.htm,2022-11-26,1
https://cryptonews.com/news/bitcoin-price-prediction-was-15500-bottom.htm,2022-11-27,0
https://cryptonews.com/news/bitcoin-price-ethereum-trade-sideways-huobi-token-storms-58.htm,2022-11-27,0
https://cryptonews.com/news/bitcoin-price-prediction-as-btc-sees-huge-15-billion-volume-heres-where-btc-headed-next.htm,2022-11-28,0
https://cryptonews.com/news/billionaire-mike-novogratz-says-these-cryptos-are-here-stay-despite-current-bear-market-heres-what-you-need-know.htm,2022-11-28,0
https://cryptonews.com/news/bitcoin-price-and-ethereum-down-5-amid-china-lockdown-time-to-buy.htm,2022-11-28,0
https://cryptonews.com/news/bitcoin-languishes-near-16k-as-blockfi-bankruptcy-keeps-crypto-credit-contagion-concerns-focus.htm,2022-11-28,0
https://cryptonews.com/news/today-in-crypto-uk-crypto-fraud-up-32-in-year-line-to-shut-down-bitfront-exchange-nigeria-wont-include-crypto-in-plans-to-improve-digital-asset-trading.htm,2022-11-28,0
https://cryptonews.com/news/bitcoin-price-ethereum-regain-upward-momentum-blockfi-files-for-bankruptcy.htm,2022-11-29,0
https://cryptonews.com/news/crypto-expert-willy-woo-predicts-bitcoin-bottom-is-close-using-on-chain-data-heres-what-you-need-to-know.htm,2022-11-29,0
https://cryptonews.com/news/firm-with-45-trillion-worth-of-assets-under-management-enables-bitcoin-trading.htm,2022-11-29,0
https://cryptonews.com/news/spanish-government-add-crypto-clauses-criminal-code.htm,2022-11-29,0
https://cryptonews.com/news/bitcoin-price-prediction-as-btc-bounces-from-16000-can-it-go-lower.htm,2022-11-29,0
https://cryptonews.com/news/bitcoin-price-prediction-as-btc-spikes-up-47-week-time-buy.htm,2022-11-30,0
https://cryptonews.com/news/bitcoin-price-ethereum-pumps-10-us-consumer-confidence-shakes-again.htm,2022-11-30,0
https://cryptonews.com/news/brazilian-government-wants-police-crypto-train-prosecutors-deal-with-scams.htm,2022-11-30,0
https://cryptonews.com/news/mobius-capital-fund-manager-reveals-his-downside-target-for-bitcoin-but-says-digital-assets-are-here-stay.htm,2022-11-30,0
https://cryptonews.com/news/european-central-bank-says-bitcoin-is-rarely-used-for-legal-transactions-this-on-chain-data-suggests-otherwise.htm,2022-12-01,0
https://cryptonews.com/news/bitcoin-price-prediction-as-30-billion-trading-volume-comes-btc-20000-week.htm,2022-12-01,0
https://cryptonews.com/news/bitcoin-price-ethereum-prediction-huobi-token-pumps-over-25.htm,2022-12-01,0
https://cryptonews.com/news/digital-asset-management-firms-see-lowest-amount-of-funds-held-since-december-2020-whats-going-on.htm,2022-12-01,0
https://cryptonews.com/news/south-korean-police-prosecutors-quadruple-spending-crypto-monitoring-tools.htm,2022-12-01,0
https://cryptonews.com/news/cftc-chair-walks-back-previous-statements-regarding-ethereum-says-only-bitcoin-commodity-regulation-hammer-coming-down.htm,2022-12-02,0
https://cryptonews.com/news/sanctions-increase-crypto-risks-for-russians-warns-central-bank.htm,2022-12-02,0
https://cryptonews.com/news/bitcoin-price-prediction-as-btc-falls-below-17000-heres-where-its-heading-next.htm,2022-12-02,0
https://cryptonews.com/news/bitcoin-price-ethereum-prediction-fantom-rockets-over-35.htm,2022-12-02,0
https://cryptonews.com/news/south-korean-crypto-exchange-ceo-serve-25-years-jail-after-appeal-fails.htm,2022-12-02,0
https://cryptonews.com/news/bitcoin-price-prediction-experts-predict-explosive-growth-as-btc-breaks-above-17000.htm,2022-12-03,0
https://cryptonews.com/news/bitcoin-price-ethereum-prediction-hot-us-nfp-backs-feds-call-for-higher-rates.htm,2022-12-03,0
https://cryptonews.com/news/bitcoin-price-ethereum-prediction-fantom-pumps-28-seven-days.htm,2022-12-04,0
https://cryptonews.com/news/bitcoin-price-prediction-can-bulls-push-btc-up-50-week.htm,2022-12-04,0
https://cryptonews.com/news/bitcoin-price-prediction-as-btc-jumps-above-17000-how-much-higher-can-it-go.htm,2022-12-05,0
https://cryptonews.com/news/1200-bitcoin-worth-20m-moved-from-dormant-addresses-past-few-days-heres-what-happened.htm,2022-12-05,0
https://cryptonews.com/news/today-in-crypto-hashkey-and-seba-bank-join-hands-kucoin-hires-mazars-for-proof-of-reserves-bitget-launches-por-page-user-self-audit-tool.htm,2022-12-05,0
https://cryptonews.com/news/bitcoin-price-and-ethereum-back-above-17000-and-1300-time-to-buy.htm,2022-12-05,0
https://cryptonews.com/news/japanese-government-set-adopt-fatf-crypto-aml-guidelines-into-national-law.htm,2022-12-05,0
https://cryptonews.com/news/russia-verge-of-legalizing-crypto-mining.htm,2022-12-06,0
https://cryptonews.com/news/bitcoin-price-prediction-can-btc-fall-10000-find-out-here.htm,2022-12-06,0
https://cryptonews.com/news/bitcoin-price-ethereum-given-up-earlier-gains-axie-infinity-jumps-30.htm,2022-12-06,0
https://cryptonews.com/news/today-in-crypto-goldman-sachs-reportedly-to-spend-millions-on-crypto-companies-us-ftc-investigating-crypto-firms-consensys-releases-data-collection-update.htm,2022-12-06,0
https://cryptonews.com/news/these-researchers-say-crypto-markets-will-grow-15trn-2023-heres-why.htm,2022-12-06,0
https://cryptonews.com/news/bitcoin-price-ethereum-halt-downtrend-can-btc-rally-17500-today.htm,2022-12-07,1
https://cryptonews.com/news/it-too-late-buy-bitcoin-before-2023-5-traders-give-their-predictions.htm,2022-12-07,1
https://cryptonews.com/news/ukrainian-tailors-shop-front-for-illegal-crypto-mining-farm.htm,2022-12-07,1
https://cryptonews.com/news/bitcoin-price-prediction-when-will-next-bull-market-start.htm,2022-12-07,1
https://cryptonews.com/news/north-korean-running-trojan-infested-fake-crypto-exchange-say-experts.htm,2022-12-07,1
https://cryptonews.com/news/today-in-crypto-noteworthy-announced-5-mbtc-note-sale-fir-tree-sued-grayscale-blockstream-raisinged-funds.htm,2022-12-07,1
https://cryptonews.com/news/bitcoin-price-prediction-as-btc-falls-below-17000-how-low-can-it-go.htm,2022-12-08,0
https://cryptonews.com/news/bitcoin-price-ethereum-prediction-celsius-customers-get-44m-crypto-from-bankruptcy.htm,2022-12-08,0
https://cryptonews.com/news/bitcoin-infrastructure-firm-blockstream-seeks-fresh-funds-at-70-lower-valuation-than-2021.htm,2022-12-08,0
https://cryptonews.com/news/today-in-crypto-paypal-to-expand-its-crypto-service-to-luxembourg-bybit-integrates-apex-pro-dex-nomad-preparing-relaunch.htm,2022-12-08,0
https://cryptonews.com/news/billionaire-tim-draper-says-el-salvador-will-become-one-of-richest-countries-earth-for-one-reason.htm,2022-12-09,0
https://cryptonews.com/news/bitcoin-price-prediction-20-billion-trading-volume-pushes-btc-back-above-17000-heres-where-its-headed-next.htm,2022-12-09,0
https://cryptonews.com/news/600-crypto-related-crimes-reported-in-ukraine-this-year-say-police.htm,2022-12-09,0
https://cryptonews.com/news/bitcoin-price-ethereum-prediction-us-ppi-figures-drive-market-sentiment.htm,2022-12-09,0
https://cryptonews.com/news/bitcoin-price-prediction-as-btc-volume-surges-22-billion-heres-where-btc-headed-next.htm,2022-12-10,0
https://cryptonews.com/news/bitcoin-price-prediction-as-15-billion-trading-volume-shoots-btc-above-17000-new-rally-starting.htm,2022-12-11,1
https://cryptonews.com/news/bitcoin-price-ethereum-prediction-economic-downturn-concerns-for-2023.htm,2022-12-11,1
https://cryptonews.com/news/crypto-mining-investments-cuba-been-severely-impacted-by-constant-power-blackouts.htm,2022-12-12,0
https://cryptonews.com/news/bitcoin-price-ethereum-down-4-market-braces-for-us-cpi-fomc-rate-decision-week.htm,2022-12-12,0
https://cryptonews.com/news/french-police-catch-crypto-scammers-who-lured-victims-with-suitcases-of-cash.htm,2022-12-12,0
https://cryptonews.com/news/bitcoin-price-prediction-as-ark-invests-cathie-wood-praises-btc-despite-bear-market-heres-where-btc-targeting-now.htm,2022-12-12,0
https://cryptonews.com/news/today-in-crypto-alameda-research-ex-ceo-hires-a-former-sec-chief-to-defend-her-63-arrested-in-crypto-money-laundering-case-kucoins-and-bybits-proofs-of-reserves.htm,2022-12-12,0
https://cryptonews.com/news/bitcoin-price-ethereum-prediction-get-ready-for-todays-us-cpi-figures.htm,2022-12-13,0
https://cryptonews.com/news/bitcoin-price-prediction-as-us-inflation-cpi-data-released-btc-moon.htm,2022-12-13,0
https://cryptonews.com/news/brazils-bitcoin-pharaoh-hired-gunmen-murder-crypto-rivals-say-prosecutors.htm,2022-12-13,0
https://cryptonews.com/news/bitcoin-price-ethereum-prediction-todays-us-fomc-fed-expectations.htm,2022-12-14,0
https://cryptonews.com/news/martin-shkreli-claims-know-real-identity-of-bitcoin-creator-satoshi-nakamoto-heres-his-proof.htm,2022-12-14,0
https://cryptonews.com/news/city-wants-launch-crypto-exchange-by-end-of-2023-heres-how.htm,2022-12-14,0
https://cryptonews.com/news/brazilian-central-bank-looks-regulate-tokenization-launches-working-group.htm,2022-12-14,0
https://cryptonews.com/news/bitcoin-price-prediction-as-us-fed-interest-rate-decision-announced-can-btc-pump-up-50-week.htm,2022-12-15,0
https://cryptonews.com/news/russian-energy-companies-crack-down-domestic-crypto-miners.htm,2022-12-15,0
https://cryptonews.com/news/bitcoin-price-prediction-as-btc-spikes-above-18000-for-first-time-30-days-falls-back-down-time-buy-dip.htm,2022-12-15,0
https://cryptonews.com/news/today-in-crypto-decred-launches-social-media-messaging-platform-opera-announces-a-suite-of-security-features-t-systems-mms-participates-in-chainlink-staking.htm,2022-12-15,0
https://cryptonews.com/news/bitcoin-price-prediction-as-btc-falls-below-18000-how-low-can-it-go.htm,2022-12-16,1
https://cryptonews.com/news/next-crypto-spring-could-unlike-any-other-because-of-factor.htm,2022-12-16,1
https://cryptonews.com/news/bitcoin-price-prediction-as-btc-completes-618-fibonacci-retracement-time-to-buy-the-dip.htm,2022-12-16,1
https://cryptonews.com/news/300-billion-investment-firm-guggenheim-partners-says-more-crypto-companies-will-collapse-soon-heres-why.htm,2022-12-16,1
https://cryptonews.com/news/north-korea-distributing-virus-ridden-mycelium-wallet-clone-on-telegram-say-experts.htm,2022-12-16,1
https://cryptonews.com/news/bitcoin-price-prediction-as-btc-falls-below-key-support-here-are-levels-keep-an-eye.htm,2022-12-17,1
https://cryptonews.com/news/bitcoin-price-prediction-as-btc-stabilizes-at-16500-time-to-buy.htm,2022-12-17,1
https://cryptonews.com/news/bitcoin-price-prediction-as-10000000000-volume-comes-btc-moon.htm,2022-12-18,1
https://cryptonews.com/news/bitcoin-price-prediction-as-btc-lacks-on-chain-signal-todays-key-trading-level.htm,2022-12-18,1
https://cryptonews.com/news/chain-data-suggests-bitcoin-whales-are-unloading-btc-at-a-record-breaking-rate-whats-going-on.htm,2022-12-19,1
https://cryptonews.com/news/bitcoin-price-ethereum-prediction-breakout-patterns-will-drive-price-action.htm,2022-12-19,1
https://cryptonews.com/news/expert-says-crypto-selloffs-will-accelerate-if-one-thing-happens.htm,2022-12-19,1
https://cryptonews.com/news/today-in-crypto-israel-to-seize-all-crypto-in-150-wallets-nigeria-to-recognize-crypto-usage-onecoin-co-founder-pleads-guilty.htm,2022-12-19,1
https://cryptonews.com/news/bitcoin-price-prediction-as-bears-take-control-how-low-can-btc-go.htm,2022-12-20,1
https://cryptonews.com/news/south-korean-tax-officials-seized-crypto-from-5741-people.htm,2022-12-20,1
https://cryptonews.com/news/bitcoin-price-prediction-as-btc-touches-16300-support-here-are-some-key-levels-look-out-for.htm,2022-12-20,1
https://cryptonews.com/news/bitcoin-price-prediction-as-25000000000-trading-volume-comes-btc-moon.htm,2022-12-21,1
https://cryptonews.com/news/bitcoin-price-ethereum-prediction-cb-consumer-confidence-highlights.htm,2022-12-21,1
https://cryptonews.com/news/eight-10-russians-say-bitcoin-worlds-most-reliable-digital-asset.htm,2022-12-21,1
https://cryptonews.com/news/crime-investigation-global-drug-cartel-laundered-millions-of-dollars-through-binance.htm,2022-12-21,1
https://cryptonews.com/news/dating-app-crypto-scammers-strike-again-as-catfished-japanese-man-loses-90k.htm,2022-12-21,1
https://cryptonews.com/news/bitcoin-price-ethereum-prediction-paxful-delists-ethereum.htm,2022-12-22,1
https://cryptonews.com/news/crypto-trading-south-korean-soldier-sold-fake-concert-tickets-to-pay-debts.htm,2022-12-22,1
https://cryptonews.com/news/bitcoin-price-prediction-as-14-billion-trading-volume-comes-heres-where-btc-headed-next.htm,2022-12-22,1
https://cryptonews.com/news/today-in-crypto-prepare-for-pretty-long-crypto-winter-north-korea-stole-12b-in-crypto-in-5-years-malicious-hackers-returned-327m-in-2022.htm,2022-12-22,1
https://cryptonews.com/news/french-financial-regulators-blacklist-crypto-trading-websites.htm,2022-12-22,1
https://cryptonews.com/news/brazil-legalizes-crypto-payments-setting-the-stage-for-greater-bitcoin-adoption.htm,2022-12-23,0
https://cryptonews.com/news/early-amazon-investor-bill-miller-still-bullish-bitcoin-despite-recent-crash-what-does-he-know.htm,2022-12-26,0
https://cryptonews.com/news/novogratzs-galaxy-digital-invests-100-million-prevent-argo-bitcoin-miner-firm-bankruptcy.htm,2022-12-29,1
https://cryptonews.com/news/michael-saylor-continues-invest-bitcoin-with-428-million-purchase-through-microstrategy.htm,2022-12-29,1
https://cryptonews.com/news/rich-dad-poor-dad-author-robert-kiyosaki-buying-more-bitcoin-at-current-prices-heres-why.htm,2023-01-01,1
https://cryptonews.com/news/original-bitcoin-core-developer-btc-stolen-from-wallet-what-happened.htm,2023-01-02,1
https://cryptonews.com/news/early-crypto-investor-erik-voorhees-says-next-bitcoin-bull-market-will-start-when-happens.htm,2023-01-04,0
https://cryptonews.com/news/bitcoin-price-forecasts-for-2023-are-heres-what-bulls-bears-think.htm,2023-01-06,0
https://cryptonews.com/news/mark-cuban-wants-buy-more-bitcoin-thinks-gold-buyers-are-dumb.htm,2023-01-11,0
https://cryptonews.com/news/group-one-beneficially-owns-13-of-microstrategy-in-big-bitcoin-bet-is-the-btc-bottom-in.htm,2023-01-11,0
https://cryptonews.com/news/el-salvador-just-approved-law-allow-it-issue-bitcoin-denominated-bonds.htm,2023-01-12,0
https://cryptonews.com/news/today-in-crypto-nexos-bulgarian-offices-raided-samsung-to-list-bitcoin-futures-active-etf-in-hong-kong-trezor-saw-a-300-spike-in-sales.htm,2023-01-12,0
https://cryptonews.com/news/bitcoin-price-takes-breather-at-21k-two-month-high-is-30k-by-end-of-month-possible.htm,2023-01-14,0
https://cryptonews.com/news/what-bitcoin-price-models-flashing-green-reveal-is-crypto-winter-turning-to-spring.htm,2023-01-16,0
https://cryptonews.com/news/hive-blockchain-shares-are-up-100-ytd-deploys-intels-blockscale-chip-for-bitcoin-mining-machines.htm,2023-01-16,0
https://cryptonews.com/news/why-crypto-prices-are-for-strong-week-ahead-as-bitcoin-strengthens-above-20k.htm,2023-01-16,0
https://cryptonews.com/news/why-bitcoin-hash-rate-mining-difficulty-headed-higher-great-news-for-bulls.htm,2023-01-16,0
https://cryptonews.com/news/bitcoin-transactions-surge-21-month-high-what-means-for-btc-price.htm,2023-01-17,0
https://cryptonews.com/news/skybridge-capital-predicting-bitcoin-gets-35k-year-but-that-hope-over-realism.htm,2023-01-17,0
https://cryptonews.com/news/bitcoin-bull-run-institutional-investors-look-like-they-are-still-sidelines.htm,2023-01-17,0
https://cryptonews.com/news/bitcoin-whales-show-confidence-in-latest-rally-as-they-refuse-to-sell-on-chain-data-reveals.htm,2023-01-18,0
https://cryptonews.com/news/bitcoin-entered-its-next-bull-market-cycle-analyst-thinks-it-might.htm,2023-01-18,0
https://cryptonews.com/news/crypto-prices-pump-as-us-retail-sales-producer-price-inflation-fall-more-than-expected.htm,2023-01-18,0
https://cryptonews.com/news/researchers-say-these-7-factors-will-determine-bitcoin-prices-2023.htm,2023-01-18,0
https://cryptonews.com/news/crypto-crowd-sentiment-surges-as-bitcoin-bulls-bet-bottom.htm,2023-01-19,0
https://cryptonews.com/news/why-the-bitcoin-price-rally-is-stalling-on-shifting-interest-rates-and-growth-outlook-doj-enforcement-action-where-next-for-crypto.htm,2023-01-19,0
https://cryptonews.com/news/new-bitcoin-address-momentum-looking-bullish-what-means-for-btc-price.htm,2023-01-19,0
https://cryptonews.com/news/bitcoin-supply-in-profit-metric-hits-4-month-high-what-this-means-for-btc-price.htm,2023-01-20,0
https://cryptonews.com/news/here-he-goes-again-bitcoin-is-hyped-up-fraud-says-jpmorgans-jamie-dimon-but-blockchain-is-deployable.htm,2023-01-20,0
https://cryptonews.com/news/bitcoin-chinese-new-year-trade-been-winner-for-last-8-years.htm,2023-01-22,0
https://cryptonews.com/news/realized-bitcoin-pl-ratio-about-rise-above-1-how-will-btc-price-impacted.htm,2023-01-23,0
https://cryptonews.com/news/berlins-tv-tower-lights-up-with-giant-bitcoin-logo-twitter-user-just-claimed-responsibility.htm,2023-01-23,0
https://cryptonews.com/news/indicator-suggests-bitcoin-holders-are-selling-coins-newbies-what-does-mean-for-btc-price.htm,2023-01-23,0
https://cryptonews.com/news/crypto-billionaire-arthur-hayes-says-bitcoin-may-crash-back-down-if-happens-heres-what-you-need-know.htm,2023-01-23,0
https://cryptonews.com/news/brazil-argentina-want-create-new-currency-bitcoiners-suggest-adopting-btc.htm,2023-01-24,0
https://cryptonews.com/news/blockstream-secures-125-million-funding-for-bitcoin-mining-operations.htm,2023-01-25,0
https://cryptonews.com/news/cme-bitcoin-futures-open-interest-surges-record-21-as-institutional-participation-increases.htm,2023-01-25,0
https://cryptonews.com/news/why-bitcoin-price-breaking-resistance-between-23k-25k-could-massively-bullish.htm,2023-01-25,0
https://cryptonews.com/news/bitcoin-billionaire-roger-ver-sued-by-genesis-for-21-million-debt-heres-what-happened.htm,2023-01-25,0
https://cryptonews.com/news/crab-fish-shark-btc-accumulation-stabilizes-what-means-for-bitcoin-price.htm,2023-01-25,0
https://cryptonews.com/news/latest-earnings-report-tesla-held-all-of-its-bitcoin-despite-market-turbulence.htm,2023-01-26,0
https://cryptonews.com/news/bitcoin-miner-sales-slump-three-year-lows-as-capitulation-risks-fade-what-does-mean-for-btc-price.htm,2023-01-26,0
https://cryptonews.com/news/is-the-bitcoin-bear-market-over-an-increasingly-strong-confluence-of-on-chaintechnical-indicators-say-yes.htm,2023-01-26,0
https://cryptonews.com/news/bitcoin-option-markets-keep-sending-bullish-signals-heres-implications-for-btc-price.htm,2023-01-27,0
https://cryptonews.com/news/sec-just-denied-ark-21shares-bitcoin-etf-for-second-time-heres-why.htm,2023-01-27,0
https://cryptonews.com/news/bitcoin-mining-network-hits-new-record-hash-rate-above-300-ehs.htm,2023-01-27,0
https://cryptonews.com/news/bitcoin-sees-116m-in-inflows-as-price-holds-near-6-month-highs.htm,2023-01-30,1
https://cryptonews.com/news/chain-metric-flashes-first-bitcoin-buy-signal-since-2019-here-is-what-you-need-to-know.htm,2023-01-30,1
https://cryptonews.com/news/investors-pile-back-into-bitcoin-as-bulls-bet-bottom-where-could-btc-price-go-headed-next.htm,2023-01-30,1
https://cryptonews.com/news/indicator-of-bitcoin-holder-conviction-recently-hit-record-high-heres-what-that-means-for-btc-price.htm,2023-01-31,0
https://cryptonews.com/news/grayscale-crypto-firm-hot-water-again-as-new-gbtc-lawsuit-filed-by-osprey-heres-what-you-need-know.htm,2023-01-31,0
https://cryptonews.com/news/bitcoin-option-markets-signal-upside-price-risk-despite-warnings-of-possible-fed-fuelled-sell-off.htm,2023-01-31,0
https://cryptonews.com/news/s-korean-crackdown-has-not-dampened-youths-thirst-for-bitcoin-powered-drug-dealing.htm,2023-02-01,0
https://cryptonews.com/news/crypto-assets-under-management-surge-367-january-as-markets-recover-but-grayscale-situation-remains-delicate.htm,2023-02-01,0
https://cryptonews.com/news/crypto-surges-as-fed-recognizes-disinflation-but-can-crypto-deal-with-a-us-recession.htm,2023-02-01,0
https://cryptonews.com/news/seven-out-of-eight-key-on-chain-indicators-signal-the-bitcoin-bull-market-is-here.htm,2023-02-02,0
https://cryptonews.com/news/today-crypto-top-10-crypto-ransomware-attacks-took-69m-btc-payments-chainalysis-laid-off-5-of-workforce-terawulf-starts-public-offering-of-common-stock.htm,2023-02-02,0
https://cryptonews.com/news/bitcoins-seventh-golden-cross-10-years-nears-what-means-for-btc-price.htm,2023-02-03,0
https://cryptonews.com/news/microstrategys-bitcoin-bet-backfires-reports-massive-fourth-quarter-loss-heres-what-you-need-know.htm,2023-02-03,0
https://cryptonews.com/news/bumpy-ride-likely-for-bitcoin-after-strong-us-jobs-report-but-on-chain-metrics-still-screaming-bull-market.htm,2023-02-03,0
https://cryptonews.com/news/bitcoin-addresses-with-non-zero-balance-could-soon-hit-record-high-what-this-means-for-btc-price.htm,2023-02-03,0
https://cryptonews.com/news/billionaire-michael-saylor-responds-charlie-mungers-criticism-of-bitcoin-what-he-said.htm,2023-02-04,0
https://cryptonews.com/news/bloomberg-strategist-cryptos-real-recession-arrived-predicts-massive-milestone.htm,2023-02-06,1
https://cryptonews.com/news/bitcoin-golden-cross-confirmed-what-next-for-btc-price.htm,2023-02-07,0
https://cryptonews.com/news/former-bitcoin-dev-gavin-andresen-regrets-previous-support-for-craig-wright-calls-it-mistake-heres-why.htm,2023-02-07,0
https://cryptonews.com/news/craig-wrights-bitcoin-copyright-claim-rejected-by-uk-court-heres-what-happened.htm,2023-02-09,1
https://cryptonews.com/news/bitcoin-addresses-with-non-zero-balance-hit-new-record-high-will-new-investors-pump-the-btc-price.htm,2023-02-09,1
https://cryptonews.com/news/ordinal-nfts-push-bitcoin-network-activity-to-near-2-year-high-what-this-means-for-the-btc-price.htm,2023-02-09,1
https://cryptonews.com/news/localbitcoins-shut-down-after-10-years-amid-challenging-market-conditions.htm,2023-02-10,1
https://cryptonews.com/news/bitcoin-options-market-turns-most-bearish-since-2022-with-investors-facing-new-wall-of-worries.htm,2023-02-10,1
https://cryptonews.com/news/bitcoin-market-realized-on-chain-losses-for-first-time-in-over-two-weeks-what-this-means-for-btc-price.htm,2023-02-10,1
https://cryptonews.com/news/bitcoin-falls-out-of-favor-after-losing-grip-22k-fund-flows-report-shows.htm,2023-02-13,1
https://cryptonews.com/news/subdued-volatility-expectations-suggest-traders-relaxed-about-bitcoin-ethereum-price-risks.htm,2023-02-13,1
https://cryptonews.com/news/blockstream-founder-bitcoin-market-cap-can-reach-200-trillion-by-2032-heres-why.htm,2023-02-13,1
https://cryptonews.com/news/wells-fargos-top-analyst-predicts-end-of-stocks-bear-market-what-does-mean-for-cryptos.htm,2023-02-14,1
https://cryptonews.com/news/bloomberg-expert-sounds-alarm-bitcoin-at-risk-of-major-collapse-heres-why.htm,2023-02-14,1
https://cryptonews.com/news/bitcoin-volatility-expectations-remain-subdued-despite-hot-us-inflation-figures-what-means-for-btc-price.htm,2023-02-15,0
https://cryptonews.com/news/improving-bitcoin-fee-revenue-momentum-could-soon-send-an-key-bullish-btc-signal.htm,2023-02-15,0
https://cryptonews.com/news/today-crypto-el-salvadors-bitcoin-embassy-usa-japanese-banking-giant-invests-infinity-kansas-may-cap-election-donations-crypto-100.htm,2023-02-15,0
https://cryptonews.com/news/mark-cuban-wants-bitcoin-go-down-so-that-he-could-buy-more.htm,2023-02-16,0
https://cryptonews.com/news/bitcoin-shorts-get-obliterated-as-btc-price-briefly-spikes-past-25k-hits-eight-month-high.htm,2023-02-16,0
https://cryptonews.com/news/bitcoin-begins-bull-market-these-eight-key-indicators-all-just-turned-green-for-first-time-since-early-2021.htm,2023-02-17,0
https://cryptonews.com/news/bitcoin-bears-beware-yet-another-key-metric-flashing-btc-buy-signal.htm,2023-02-17,0
https://cryptonews.com/news/bitcoin-margin-funding-rate-jumps-amid-latest-price-spike-can-new-investor-influx-keep-pumping-btc.htm,2023-02-17,0
https://cryptonews.com/news/bitcoin-holds-near-25k-despite-fall-in-non-zero-balance-addresses-heres-where-btc-could-go-next.htm,2023-02-20,0
https://cryptonews.com/news/bitcoin-rally-running-out-of-steam-analysts-worry-that-key-metric-isnt-improving.htm,2023-02-21,0
https://cryptonews.com/news/heres-what-investors-think-about-btc-price-outlook-right-now-according-bitcoin-options-markets.htm,2023-02-21,0
https://cryptonews.com/news/reddit-founder-alexis-ohanian-says-crypto-bitcoin-here-stay-what-does-he-know.htm,2023-02-22,1
https://cryptonews.com/news/bitcoin-price-dips-hot-us-inflation-data-but-btc-bulls-can-take-solace-these-bullish-options-market-signals.htm,2023-02-24,1
https://cryptonews.com/news/rich-dad-poor-dad-author-robert-kiyosaki-says-he-buys-bitcoin-because-he-doesnt-trust-us-dollar.htm,2023-02-24,1
https://cryptonews.com/news/next-bitcoin-halving-just-over-one-year-away-heres-what-could-happen-btc-price.htm,2023-02-27,1
https://cryptonews.com/news/bitcoin-short-bets-are-building-heres-what-that-means-for-btc-price.htm,2023-02-27,1
https://cryptonews.com/news/alameda-gap-persists-as-stunted-liquidity-holds-back-crypto-market.htm,2023-02-28,1
https://cryptonews.com/news/bitcoin-volatility-expectations-fall-sharply-after-btc-price-failure-break-25k.htm,2023-02-28,1
https://cryptonews.com/news/the-bitcoin-markets-return-to-profitability-in-2023-is-a-massive-btc-bull-signal-widely-followed-on-chain-indicator-suggests.htm,2023-03-01,1
https://cryptonews.com/news/number-of-bitcoin-wallets-with-at-least-1-btc-could-soon-hit-million-how-could-that-impact-btc-price.htm,2023-03-01,1
https://cryptonews.com/news/cathie-wood-of-ark-invest-sees-more-institutional-investors-entering-bitcoin-market-amid-bank-crisis-heres-what-you-need-know.htm,2023-03-22,0
https://cryptonews.com/news/long-liquidations-spike-bitcoin-suffers-sell-the-fact-reaction-to-dovish-fed-but-btc-dip-buyers-will-probably-pounce.htm,2023-03-22,0
https://cryptonews.com/news/widely-followed-suite-of-bitcoin-on-chain-metrics-flash-bullish-as-btc-price-holds-above-28000-post-fed-where-next.htm,2023-03-23,0
https://cryptonews.com/news/top-russian-lawmaker-says-bitcoin-has-no-future-what-he-backs-for-success-instead.htm,2023-03-23,0
https://cryptonews.com/news/bitfinex-cto-says-el-salvadors-bitcoin-bonds-will-launch-summer-but-theres-twist.htm,2023-03-23,0
https://cryptonews.com/news/bitcoin-spot-derivative-trading-volumes-surge-bullish-for-btc-price.htm,2023-03-24,0
https://cryptonews.com/news/bitcoin-bears-eye-possible-pullback-to-this-key-support-area-but-longer-term-btc-price-outlook-remains-strong.htm,2023-03-25,0
https://cryptonews.com/news/bitcoin-set-disrupt-africas-85-billion-financial-system-heres-what-you-need-know.htm,2023-03-27,1
https://cryptonews.com/news/bitcoins-non-zero-balance-addresses-keep-surging-but-these-key-on-chain-btc-metrics-show-weakness.htm,2023-03-27,1
https://cryptonews.com/news/new-report-suggests-billionaire-peter-thiel-connected-bitcoin-creator-satoshi-nakamoto-heres-what-you-need-know.htm,2023-03-28,1
https://cryptonews.com/news/bitcoin-trading-volumes-collapsed-heres-what-that-means-for-btc-price.htm,2023-03-28,1
https://cryptonews.com/news/bitcoin-course-for-best-quarter-since-early-2021-heres-what-q2-could-hold-for-btc-price.htm,2023-03-29,0
https://cryptonews.com/news/bitcoin-transactions-without-internet-zerosync-blockstream-make-it-possible-with-satellites-space-heres-how.htm,2023-04-03,0
https://cryptonews.com/news/investors-continue-buying-bitcoin-latest-fund-flows-report-shows-heres-why-btc-could-dominate-institutional-crypto-demand.htm,2023-04-04,0
https://cryptonews.com/news/bitcoin-exchange-flows-turn-negative-warning-sign-btc-price-could-be-about-to-vault-above-30k.htm,2023-04-05,1
https://cryptonews.com/news/heres-how-fridays-us-jobs-report-could-impact-bitcoin-btc-price.htm,2023-04-06,0
https://cryptonews.com/news/bitcoin-options-markets-reveal-investors-still-bullish-despite-repeated-btc-price-failures-test-30k.htm,2023-04-06,0
https://cryptonews.com/news/michael-saylors-30m-bitcoin-acquisition-catapults-his-crypto-wealth-into-billions-heres-latest.htm,2023-04-06,0
https://cryptonews.com/news/craig-wright-hints-at-possible-legal-battle-against-apple-over-bitcoin-white-paper-whats-going-on.htm,2023-04-08,1
https://cryptonews.com/news/shorts-obliterated-as-bitcoin-surges-through-30k-here-next-key-btc-price-target-watch.htm,2023-04-11,0
https://cryptonews.com/news/bank-of-america-sees-support-for-bitcoin-rally-as-personal-wallet-hoarding-increases.htm,2023-04-12,0
https://cryptonews.com/news/billionaire-warren-buffett-labels-bitcoin-as-gambling-token-with-no-intrinsic-value-heres-why.htm,2023-04-13,0
https://cryptonews.com/news/as-bitcoin-sits-comfortably-atop-30k-on-chain-metrics-suggest-further-upside-for-the-btc-price.htm,2023-04-13,0
https://cryptonews.com/news/spot-bitcoin-trading-volumes-remain-weak-threat-btc-bull-market-thesis.htm,2023-04-14,0
https://cryptonews.com/news/argentina-approves-first-latam-btc-futures-offering-are-regulators-softening-bitcoin-stance.htm,2023-04-17,1
https://cryptonews.com/news/bitcoin-early-stages-of-new-bull-market-widely-followed-technical-indicator-suggests.htm,2023-04-18,0
https://cryptonews.com/news/bitcoin-threatens-break-of-key-support-area-how-low-could-btc-price-go.htm,2023-04-19,1
https://cryptonews.com/news/bitcoin-could-quickly-rebound-back-above-30k-as-btc-price-follows-historic-trading-pattern.htm,2023-04-20,1
https://cryptonews.com/news/tesla-earnings-no-changes-bitcoin-holdings-q1-2023-heres-how-much-btc-tesla-holding.htm,2023-04-20,1
https://cryptonews.com/news/bitcoin-options-market-turns-negative-on-short-term-btc-price-outlook-but-longer-term-bullish-bets-remain.htm,2023-04-20,1
https://cryptonews.com/news/bitcoin-long-liquidations-hit-150m-3-days-as-btc-price-slumps-towards-key-resistance-level.htm,2023-04-21,1
https://cryptonews.com/news/bitcoin-volatility-index-hits-6-week-lows-despite-looming-macro-risk-events-watch-these-key-btc-price-levels.htm,2023-04-24,1
https://cryptonews.com/news/daily-bitcoin-network-transaction-spike-near-record-highs-what-means-for-btc-price.htm,2023-04-24,1
https://cryptonews.com/news/bloomberg-analysts-bitcoin-halving-can-send-btc-past-50000-heres-why.htm,2023-04-24,1
https://cryptonews.com/news/el-salvador-begins-bitcoin-lightning-dev-courses-who-are-rockstar-teachers.htm,2023-04-25,1
https://cryptonews.com/news/bitcoin-bounces-sharply-from-50dma-reclaims-28k-btc-bulls-eye-retest-of-these-key-upside-levels.htm,2023-04-25,1
https://cryptonews.com/news/cathie-woods-ark-invest-buys-87-million-coinbase-stock-files-third-bitcoin-etf-application-amid-sec-lawsuit.htm,2023-04-26,1
https://cryptonews.com/news/bitcoin-hits-all-time-high-in-argentinian-pesos-will-inflation-spark-btc-adoption.htm,2023-04-26,1
https://cryptonews.com/news/wild-bitcoin-price-swings-trigger-150-million-liquidations-btc-futures-market-here-are-key-themes-driving-market-right-now.htm,2023-04-27,0
https://cryptonews.com/news/leverage-declining-bitcoin-market-heres-why-that-bullish-for-btc-price.htm,2023-04-27,0
https://cryptonews.com/news/apple-will-remove-bitcoin-whitepaper-from-macbooks-next-update-heres-why.htm,2023-04-27,0
https://cryptonews.com/news/bitcoin-bulls-prepare-for-btc-price-blowout-above-30k.htm,2023-04-27,0
https://cryptonews.com/news/largest-bitcoin-fraud-scheme-results-34b-penalty-ordered-by-cftc.htm,2023-04-28,0
https://cryptonews.com/news/russian-bitcoin-wallets-unmasked-by-anonymous-hacker-heres-what-happened.htm,2023-04-28,0
https://cryptonews.com/news/bitcoin-btc-price-pauses-below-30k-here-where-it-could-headed-next.htm,2023-04-28,0
https://cryptonews.com/news/lightning-labs-unveils-upgrade-boost-bitcoin-accessibility-for-billions-of-people-heres-how-it-works.htm,2023-04-30,0
https://cryptonews.com/news/bitcoin-daily-transactions-surge-record-highs-but-these-alternative-metrics-bode-less-well-for-btc-price.htm,2023-05-02,0
https://cryptonews.com/news/can-bitcoin-btc-price-snap-its-recent-run-of-ugly-may-returns.htm,2023-05-02,0
https://cryptonews.com/news/el-salvadors-bitcoin-city-has-not-been-shelved-say-bukele-linked-bitcoiners.htm,2023-05-02,0
https://cryptonews.com/news/himalayan-kingdom-of-bhutan-discloses-secret-bitcoin-mining-activities.htm,2023-05-03,0
https://cryptonews.com/news/bitcoin-back-above-29000-post-fed-as-markets-bet-on-rate-cuts-where-next-for-the-btc-price.htm,2023-05-03,0
https://cryptonews.com/news/bitcoin-consolidates-ahead-of-key-us-jobs-data-but-falling-yields-could-signal-incoming-btc-price-pump.htm,2023-05-04,1
https://cryptonews.com/news/blockstream-infrastructure-firm-foresees-rapid-growth-bitcoins-layer-2-technologies.htm,2023-05-04,1
https://cryptonews.com/news/former-coinbase-cto-loses-1-million-bitcoin-bet-warns-about-us-hyperinflation.htm,2023-05-04,1
https://cryptonews.com/news/uk-regulator-descends-upon-illegal-crypto-atms-latest-raid.htm,2023-05-05,0
https://cryptonews.com/news/bitcoin-transaction-fees-surge-to-2-year-highs-where-next-for-the-btc-price.htm,2023-05-06,1
https://cryptonews.com/news/third-time-charm-for-spot-bitcoin-etf-cboe-tries-again-find-out.htm,2023-05-09,1
https://cryptonews.com/news/bitcoin-network-in-flux-as-brc-20-craze-sends-transaction-fees-towards-multi-year-highs-what-next-for-btc-price.htm,2023-05-09,1
https://cryptonews.com/news/bitcoin-based-meme-coin-growth-disrupts-binance-drives-up-fees.htm,2023-05-09,1
https://cryptonews.com/news/what-latest-us-inflation-numbers-mean-for-bitcoin-btc-price.htm,2023-05-10,1
https://cryptonews.com/news/bitcoin-prices-crash-suddenly-rumors-of-us-govt-holdings-being-sold-off-whats-going-on.htm,2023-05-10,1
https://cryptonews.com/news/bitcoin-will-probably-retest-25k-but-bears-beware-on-chain-indicators-suggest-btc-price-in-early-stage-bull-market.htm,2023-05-11,1
https://cryptonews.com/news/smart-contracts-arrived-bitcoin-blockchain-will-btc-become-defi-powerhouse.htm,2023-05-11,1
https://cryptonews.com/news/marathon-digital-served-with-additional-sec-subpoena-for-alleged-violations.htm,2023-05-12,1
https://cryptonews.com/news/number-of-bitcoin-wallets-with-at-least-1-btc-hits-1-million-smart-money-still-moving-in.htm,2023-05-15,1
https://cryptonews.com/news/correlation-between-bitcoin-ether-prices-dips-below-80-first-18-months.htm,2023-05-15,1
https://cryptonews.com/news/this-key-on-chain-indicator-will-soon-join-the-list-of-those-signalling-a-bitcoin-btc-bull-market-is-here.htm,2023-05-16,1
https://cryptonews.com/news/valkyrie-goes-for-leveraged-bitcoin-futures-etf-dubbed-bufd-regulatory-filing.htm,2023-05-16,1
https://cryptonews.com/news/bitcoin-problem-us-says-prominent-hedge-fund-manager-paul-tudor-jones.htm,2023-05-16,1
https://cryptonews.com/news/bitcoin-startup-river-raises-35-million-funding-round-supported-by-billionaire-peter-thiel.htm,2023-05-17,1
https://cryptonews.com/news/tether-plans-15-of-its-net-profits-into-bitcoin-move-of-confidence.htm,2023-05-17,1
https://cryptonews.com/news/metric-of-bitcoin-btc-price-momentum-just-fell-its-lowest-since-march-now-good-time-buy.htm,2023-05-17,1
https://cryptonews.com/news/ripple-launches-platform-help-governments-issue-cbdcs.htm,2023-05-19,0
https://cryptonews.com/news/president-bidens-crypto-mining-tax-isnt-going-happen-sen-lummis-says.htm,2023-05-19,0
https://cryptonews.com/news/democratic-presidential-candidate-kennedy-lays-out-campaign-promises-for-bitcoin.htm,2023-05-20,0
https://cryptonews.com/news/new-uniswap-coins-on-a-good-buy-if-bitcoin-price-has-topped-wall-street-prediction.htm,2023-05-21,1
https://cryptonews.com/news/robert-f-kennedy-jr-vows-defend-bitcoin-against-invasive-surveillance.htm,2023-05-22,1
https://cryptonews.com/news/vaneck-ceo-says-no-chance-future-of-spot-bitcoin-etf-us.htm,2023-05-22,1
https://cryptonews.com/news/fomc-minutes-signal-central-bank-divided-need-for-more-tightening-here-how-crypto-reacted.htm,2023-05-24,1
https://cryptonews.com/news/santiment-measures-social-media-text-volumes-of-bitcoin-heres-what-they-find.htm,2023-05-24,1
https://cryptonews.com/news/about-85000-bitcoin-options-contracts-set-expire-friday.htm,2023-05-25,1
https://cryptonews.com/news/florida-gov-ron-desantis-runs-for-president-promises-protect-bitcoin.htm,2023-05-25,1
https://cryptonews.com/news/bitcoin-mining-set-hit-new-record-high-whats-driving-surge.htm,2023-05-30,0
https://cryptonews.com/news/tether-plans-bitcoin-mining-uruguay.htm,2023-05-30,0
https://cryptonews.com/news/bitcoin-standard-author-advise-el-salvador-economic-strategy.htm,2023-05-31,0
https://cryptonews.com/news/today-in-crypto-xapo-bank-partners-with-lightspark-integrates-lightning-network-ethereum-shanghai-fork-pushed-back-casper-labs-long-term-partnership-with-skybridge-al-maskari-holding.htm,2023-03-03,1
https://cryptonews.com/news/bitcoin-bulls-getting-excited-as-key-on-chain-metrics-trend-higher-further-btc-price-rally-incoming.htm,2023-03-03,1
https://cryptonews.com/news/bitcoin-miners-prepare-for-upcoming-difficulty-increase-face-of-market-uncertainty.htm,2023-03-06,1
https://cryptonews.com/news/45-of-s-korean-crypto-users-predict-bitcoin-price-rise-week.htm,2023-03-06,1
https://cryptonews.com/news/coinbase-exec-altcoin-markets-attracting-institutional-investors-amid-bitcoin-ethereum-dominance.htm,2023-03-06,1
https://cryptonews.com/news/bitcoin-to-sub-20000-next-heres-what-options-markets-say-about-the-btc-price-outlook.htm,2023-03-07,1
https://cryptonews.com/news/key-indicator-of-bitcoin-market-profitability-turns-bearish-heres-what-that-means-for-btc-price.htm,2023-03-07,1
https://cryptonews.com/news/deadline-looms-mt-gox-bitcoin-exchange-creditors-must-register-repayment-method-by-march-10-heres-latest.htm,2023-03-08,1
https://cryptonews.com/news/bitcoins-correlation-us-stocks-fading-why-that-could-good-thing-for-btc-price.htm,2023-03-08,1
https://cryptonews.com/news/bitcoin-options-market-turns-most-bearish-on-short-term-btc-outlook-this-year-as-prices-slump-towards-20k.htm,2023-03-09,1
https://cryptonews.com/news/largest-creditor-of-bankrupt-mt-gox-exchange-hold-onto-returned-bitcoin-huge-selling-pressure-averted.htm,2023-03-09,1
https://cryptonews.com/news/oversold-bitcoin-bounces-from-200dma-realized-price-where-next-for-btc-as-bank-crisisfed-tightening-jitters-rock-sentiment.htm,2023-03-10,1
https://cryptonews.com/news/investors-dumped-record-amount-of-bitcoin-last-week-only-miss-out-face-ripping-rally.htm,2023-03-13,0
https://cryptonews.com/news/chain-indicators-scream-bitcoin-bull-market-as-the-btc-price-roars-back.htm,2023-03-15,0
https://cryptonews.com/news/further-bitcoin-volatility-ahead-heres-what-options-markets-say-about-btc-price-outlook.htm,2023-03-15,0
https://cryptonews.com/news/bitcoin-crypto-arent-same-btc-could-replace-gold-if-happens-expert.htm,2023-03-15,0
https://cryptonews.com/news/today-in-crypto-europol-closes-chipmixer-seizes-btc-1909-surge-in-cold-storage-eth-layer-2-usage-post-ftx-synalcom-qori-enable-crypto-transactions-for-20k-businesses-in-one-action.htm,2023-03-15,0
https://cryptonews.com/news/bitcoin-takes-lead-dominance-surges-as-btc-outperforms-altcoins.htm,2023-03-15,0
https://cryptonews.com/news/el-salvador-launches-bitcoin-lightning-network-dev-courses-for-university-students.htm,2023-03-16,0
https://cryptonews.com/news/bitcoin-adds-nearly-1-million-non-zero-addresses-in-under-1-month-what-positive-on-chain-trends-mean-for-the-btc-price.htm,2023-03-16,0
https://cryptonews.com/news/vbitcoin-option-markets-flip-bullish-as-btc-rally-heats-up-price-rises-above-28k.htm,2023-03-19,0
https://cryptonews.com/news/bitcoins-correlation-to-us-stocks-hits-20-month-lows-heres-why-thats-bullish-for-btc.htm,2023-03-20,0
https://cryptonews.com/news/bitcoin-trading-volumes-keep-trending-in-the-right-direction-can-btc-sustain-its-bull-run.htm,2023-03-21,0
https://cryptonews.com/news/bitcoin-outflows-surge-95-million-coinshares-report-reveals-alarming-trend-find-out-more-here.htm,2023-03-21,0
https://cryptonews.com/news/bitcoin-verge-of-breakout-towards-30k-but-these-metrics-suggest-market-might-getting-too-hot.htm,2023-03-21,0
